{
	"credit": "Made with Blockbench",
	"parent":"item/copper",
	"ambientocclusion": false,
	"texture_size": [64, 64],
	"textures": {
		"0": "tfc:item/metal/pickaxe/copper"
	},
	"elements": [
		{
			"from": [0.25, 16, 0.25],
			"to": [1.75, 31, 1.75],
			"rotation": {"angle": 0, "axis": "y", "origin": [1, 25.95, 1]},
			"faces": {
				"north": {"uv": [15.25, 9.25, 14.5, 16], "texture": "#0"},
				"east": {"uv": [14.5, 9.25, 15.25, 16], "texture": "#0"},
				"south": {"uv": [15.25, 9.25, 14.5, 16], "texture": "#0"},
				"west": {"uv": [14.5, 9.25, 15.25, 16], "texture": "#0"},
				"up": {"uv": [14.5, 15.25, 15.25, 16], "texture": "#0"},
				"down": {"uv": [14.5, 9.25, 15.25, 10], "texture": "#0"}
			}
		},
		{
			"from": [0, 28.4, 0],
			"to": [2, 30.2, 2],
			"rotation": {"angle": 0, "axis": "y", "origin": [1, 25.95, 1]},
			"faces": {
				"north": {"uv": [2.5, 9.25, 3.5, 10.25], "texture": "#0"},
				"east": {"uv": [2.25, 9.25, 3.25, 10.25], "texture": "#0"},
				"south": {"uv": [2.75, 9.25, 3.75, 10.25], "texture": "#0"},
				"west": {"uv": [2.5, 9.25, 3.5, 10.25], "texture": "#0"},
				"up": {"uv": [2.5, 9.25, 3.5, 10.25], "texture": "#0"},
				"down": {"uv": [2.5, 9.25, 3.5, 10.25], "texture": "#0"}
			}
		},
		{
			"from": [2, 28.55, 0.4],
			"to": [4.35, 29.75, 1.6],
			"rotation": {"angle": 0, "axis": "y", "origin": [0.8, 25.95, 1]},
			"faces": {
				"north": {"uv": [2.5, 9.25, 3.75, 10.25], "texture": "#0"},
				"east": {"uv": [2.5, 9.25, 3.75, 10.25], "texture": "#0"},
				"south": {"uv": [0.5, 9.25, 2.75, 10.25], "texture": "#0"},
				"west": {"uv": [15.25, 0.25, 15.75, 0.75], "texture": "#0"},
				"up": {"uv": [1.25, 9.25, 3, 10.25], "texture": "#0"},
				"down": {"uv": [2.5, 9.25, 3.75, 10.25], "texture": "#0"}
			}
		},
		{
			"from": [4.35, 28.65, 0.5],
			"to": [5.85, 29.55, 1.5],
			"rotation": {"angle": 0, "axis": "y", "origin": [0.8, 25.95, 1]},
			"faces": {
				"north": {"uv": [2.25, 9.25, 3.75, 10.25], "texture": "#0"},
				"east": {"uv": [2.25, 9.25, 3.75, 10.25], "texture": "#0"},
				"south": {"uv": [2.25, 9.25, 3.75, 10.25], "texture": "#0"},
				"west": {"uv": [5.25, 1.25, 5.75, 1.75], "texture": "#0"},
				"up": {"uv": [2.25, 9.25, 3.75, 10.25], "texture": "#0"},
				"down": {"uv": [2.25, 9.25, 3.75, 10.25], "texture": "#0"}
			}
		},
		{
			"from": [4.17672, 30.53485, 0.5],
			"to": [5.67672, 31.03485, 1.5],
			"rotation": {"angle": -22.5, "axis": "z", "origin": [0.77821, 25.98635, 0.95]},
			"faces": {
				"north": {"uv": [2.75, 9.5, 3.25, 10], "texture": "#0"},
				"east": {"uv": [2.5, 9.5, 3, 10], "texture": "#0"},
				"south": {"uv": [2.25, 9.5, 2.75, 10], "texture": "#0"},
				"west": {"uv": [11.25, 1.25, 11.75, 1.75], "texture": "#0"},
				"up": {"uv": [2.75, 9.25, 3.25, 9.75], "texture": "#0"},
				"down": {"uv": [2.75, 9.5, 3.25, 10], "texture": "#0"}
			}
		},
		{
			"from": [-3.73845, 30.52724, 0.5],
			"to": [-2.23845, 31.02724, 1.5],
			"rotation": {"angle": 22.5, "axis": "z", "origin": [1.12179, 25.88635, 0.95]},
			"faces": {
				"north": {"uv": [3, 9.25, 4, 10.25], "texture": "#0"},
				"east": {"uv": [11.25, 2.25, 11.75, 2.75], "texture": "#0"},
				"south": {"uv": [2, 9.5, 3, 10], "texture": "#0"},
				"west": {"uv": [3, 9.25, 4, 10.25], "texture": "#0"},
				"up": {"uv": [3, 9.25, 4, 10.25], "texture": "#0"},
				"down": {"uv": [3, 9.25, 4, 10.25], "texture": "#0"}
			}
		},
		{
			"from": [-2.45, 28.55, 0.4],
			"to": [0, 29.75, 1.6],
			"rotation": {"angle": 0, "axis": "y", "origin": [1.2, 25.95, 1]},
			"faces": {
				"north": {"uv": [2.5, 9.25, 3.75, 10.25], "texture": "#0"},
				"east": {"uv": [5.25, 2.25, 5.75, 2.75], "texture": "#0"},
				"south": {"uv": [0.5, 9.25, 3, 10.25], "texture": "#0"},
				"west": {"uv": [2.5, 9.25, 3.5, 10.25], "texture": "#0"},
				"up": {"uv": [2.75, 9.25, 4, 10.25], "texture": "#0"},
				"down": {"uv": [3.5, 10.25, 2, 9.25], "texture": "#0"}
			}
		},
		{
			"from": [-3.95, 28.65, 0.5],
			"to": [-2.45, 29.55, 1.5],
			"rotation": {"angle": 0, "axis": "y", "origin": [1.2, 25.95, 1]},
			"faces": {
				"north": {"uv": [3, 9.25, 4, 10.25], "texture": "#0"},
				"east": {"uv": [15.25, 1.25, 15.75, 1.75], "texture": "#0"},
				"south": {"uv": [3, 9.25, 4, 10.25], "texture": "#0"},
				"west": {"uv": [3, 9.25, 4, 10.25], "texture": "#0"},
				"up": {"uv": [3, 9.25, 4, 10.25], "texture": "#0"},
				"down": {"uv": [3, 9.25, 4, 10.25], "texture": "#0"}
			}
		},
		{
			"from": [-0.6, 29.7, 1],
			"to": [2.6, 30.1, 1],
			"rotation": {"angle": 0, "axis": "y", "origin": [1, 25.95, 1]},
			"faces": {
				"north": {"uv": [3.25, 9.5, 3.75, 10], "texture": "#0"},
				"east": {"uv": [1.25, 3.25, 1.75, 3.75], "texture": "#0"},
				"south": {"uv": [3.25, 9.5, 3.75, 10], "texture": "#0"},
				"west": {"uv": [3.25, 3.25, 3.75, 3.75], "texture": "#0"},
				"up": {"uv": [4.25, 3.25, 4.75, 3.75], "texture": "#0"},
				"down": {"uv": [5.25, 3.25, 5.75, 3.75], "texture": "#0"}
			}
		},
		{
			"from": [0.2, 27.5, 0.2],
			"to": [1.8, 27.75, 1.8],
			"rotation": {"angle": 0, "axis": "y", "origin": [0, 27.5, 0]},
			"faces": {
				"north": {"uv": [6.25, 9.25, 8.25, 9.75], "texture": "#0"},
				"east": {"uv": [6.25, 9.25, 8.25, 9.75], "texture": "#0"},
				"south": {"uv": [6.25, 9.25, 8.25, 9.75], "texture": "#0"},
				"west": {"uv": [6.25, 9.25, 8.25, 9.75], "texture": "#0"},
				"up": {"uv": [6.25, 9.25, 8.25, 9.75], "texture": "#0"},
				"down": {"uv": [6.25, 9.25, 8.25, 9.75], "texture": "#0"}
			}
		},
		{
			"from": [0.2, 28.05, 0.2],
			"to": [1.8, 28.3, 1.8],
			"rotation": {"angle": 0, "axis": "y", "origin": [0, 27.8, 0]},
			"faces": {
				"north": {"uv": [6.25, 9.25, 8.25, 9.75], "texture": "#0"},
				"east": {"uv": [6.25, 9.25, 8.25, 9.75], "texture": "#0"},
				"south": {"uv": [6.25, 9.25, 8.25, 9.75], "texture": "#0"},
				"west": {"uv": [6.25, 9.25, 8.25, 9.75], "texture": "#0"},
				"up": {"uv": [6.25, 9.25, 8.25, 9.75], "texture": "#0"},
				"down": {"uv": [6.25, 9.25, 8.25, 9.75], "texture": "#0"}
			}
		},
		{
			"from": [0.2, 30.15, 0.2],
			"to": [1.8, 30.4, 1.8],
			"rotation": {"angle": 0, "axis": "y", "origin": [0, 29.9, 0]},
			"faces": {
				"north": {"uv": [6.25, 9.25, 8.25, 9.75], "texture": "#0"},
				"east": {"uv": [6.25, 9.25, 8.25, 9.75], "texture": "#0"},
				"south": {"uv": [6.25, 9.25, 8.25, 9.75], "texture": "#0"},
				"west": {"uv": [6.25, 9.25, 8.25, 9.75], "texture": "#0"},
				"up": {"uv": [6.25, 9.25, 8.25, 9.75], "texture": "#0"},
				"down": {"uv": [6.25, 9.25, 8.25, 9.75], "texture": "#0"}
			}
		},
		{
			"from": [0.2, 27.75, 0.2],
			"to": [1.8, 28, 1.8],
			"rotation": {"angle": 22.5, "axis": "z", "origin": [1, 28, 1]},
			"faces": {
				"north": {"uv": [6.25, 9.25, 8.25, 9.75], "texture": "#0"},
				"east": {"uv": [6.25, 9.25, 8.25, 9.75], "texture": "#0"},
				"south": {"uv": [6.25, 9.25, 8.25, 9.75], "texture": "#0"},
				"west": {"uv": [6.25, 9.25, 8.25, 9.75], "texture": "#0"},
				"up": {"uv": [6.25, 9.25, 8.25, 9.75], "texture": "#0"},
				"down": {"uv": [6.25, 9.25, 8.25, 9.75], "texture": "#0"}
			}
		},
		{
			"from": [-0.45, 29.25, -0.15],
			"to": [2.35, 29.5, 2.15],
			"rotation": {"angle": 45, "axis": "z", "origin": [1, 29.375, 1]},
			"faces": {
				"north": {"uv": [6.25, 7.5, 9.25, 8], "texture": "#0"},
				"east": {"uv": [6.25, 7.5, 9.25, 8], "texture": "#0"},
				"south": {"uv": [6.25, 7.5, 9.25, 8], "texture": "#0"},
				"west": {"uv": [6.25, 7.5, 9.25, 8], "texture": "#0"},
				"up": {"uv": [6.25, 7.5, 9.25, 8], "texture": "#0"},
				"down": {"uv": [6.25, 7.5, 9.25, 8], "texture": "#0"}
			}
		},
		{
			"from": [-0.43536, 29.21464, -0.15],
			"to": [2.36464, 29.46464, 2.15],
			"rotation": {"angle": -45, "axis": "z", "origin": [0.96464, 29.33964, 1]},
			"faces": {
				"north": {"uv": [6.25, 7.5, 9.25, 8], "texture": "#0"},
				"east": {"uv": [6.25, 7.5, 9.25, 8], "texture": "#0"},
				"south": {"uv": [9.25, 7.5, 6.25, 8], "texture": "#0"},
				"west": {"uv": [6.25, 7.5, 9.25, 8], "texture": "#0"},
				"up": {"uv": [6.25, 7.5, 9.25, 8], "texture": "#0"},
				"down": {"uv": [6.25, 7.5, 9.25, 8], "texture": "#0"}
			}
		}
	],
	"display": {
		"thirdperson_righthand": {
			"rotation": [0, 90, 0],
			"translation": [7, -12.5, -6]
		},
		"thirdperson_lefthand": {
			"rotation": [0, 90, 0],
			"translation": [7, -12.5, 8]
		},
		"firstperson_righthand": {
			"rotation": [-12, 90, 0],
			"translation": [4, -5.75, 0.5],
			"scale": [0.65, 0.65, 0.65]
		},
		"firstperson_lefthand": {
			"rotation": [-12, 90, 0],
			"translation": [4, -3.75, 9.25],
			"scale": [0.65, 0.65, 0.65]
		},
		"ground": {
			"translation": [6.75, -11, 7.25]
		},
		"gui": {
			"translation": [7, -15.5, 0]
		},
		"fixed": {
			"translation": [7, -15.75, 7.5]
		}
	}
}