{
	"format_version": "1.8.0",
	"animations": {
		"hitstone": {
			"loop": true,
			"animation_length": 3,
			"bones": {
				"head": {
					"rotation": {
						"0.0": {
							"vector": [37.5, 0, 0]
						},
						"1.0": {
							"vector": [37.5, 0, 0]
						},
						"1.3333": {
							"vector": [43.81893, -13.80192, -10.86531]
						},
						"1.5833": {
							"vector": [43.81893, -13.80192, -10.86531]
						},
						"2.4167": {
							"vector": [43.81893, -13.80192, -10.86531]
						},
						"2.5833": {
							"vector": [37.5, 0, 0]
						}
					},
					"position": {
						"vector": [0, -4.3, -4]
					}
				},
				"right_arm": {
					"rotation": {
						"0.0": {
							"vector": [-38.45682, -8.3078, -23.56123]
						},
						"0.2083": {
							"vector": [-125.30811, -1.62418, -31.032]
						},
						"0.25": {
							"vector": [-125.30811, -1.62418, -31.032]
						},
						"0.3333": {
							"vector": [-38.45682, -8.3078, -23.56123]
						},
						"0.7917": {
							"vector": [-125.30811, -1.62418, -31.032]
						},
						"0.8333": {
							"vector": [-125.30811, -1.62418, -31.032]
						},
						"0.9167": {
							"vector": [-38.45682, -8.3078, -23.56123]
						},
						"1.0": {
							"vector": [-38.45682, -8.3078, -23.56123]
						},
						"1.2083": {
							"vector": [-11.50148, 3.31592, -7.49764]
						}
					},
					"position": {
						"vector": [0, -4, -2.5]
					}
				},
				"left_arm": {
					"rotation": {
						"0.0": {
							"vector": [-38.59614, 11.69348, 20.86781]
						},
						"1.0": {
							"vector": [-38.59614, 11.69348, 20.86781]
						},
						"1.375": {
							"vector": [-71.76963, -40.89676, 52.61649]
						},
						"1.875": {
							"vector": [-71.76963, -40.89676, 52.61649]
						},
						"2.2917": {
							"vector": [-48.11853, 15.35531, -27.13007]
						},
						"2.6667": {
							"vector": [-48.11853, 15.35531, -27.13007]
						},
						"2.9167": {
							"vector": [-38.59614, 11.69348, 20.86781]
						}
					},
					"position": {
						"vector": [0, -4, -2.5]
					}
				},
				"torso": {
					"rotation": {
						"vector": [20, 0, 0]
					},
					"position": {
						"vector": [0, -4, -3.5]
					}
				},
				"right_leg": {
					"position": {
						"vector": [0, -2.8, 0]
					}
				},
				"left_leg": {
					"position": {
						"vector": [0, -2.8, 0]
					}
				}
			}
		},
		"squat": {
			"loop": "hold_on_last_frame",
			"animation_length": 0.625,
			"bones": {
				"torso": {
					"rotation": {
						"0.0": {
							"vector": [0, 0, 0]
						},
						"0.3333": {
							"vector": [20, 0, 0]
						}
					},
					"position": {
						"0.0": {
							"vector": [0, 0, 0]
						},
						"0.3333": {
							"vector": [0, -3, 0]
						}
					}
				},
				"head": {
					"rotation": {
						"0.0": {
							"vector": [0, 0, 0]
						},
						"0.625": {
							"vector": [37.5, 0, 0]
						}
					},
					"position": {
						"0.0": {
							"vector": [0, 0, 0]
						},
						"0.3333": {
							"vector": [0, -3, -4]
						}
					}
				},
				"right_arm": {
					"rotation": {
						"0.0": {
							"vector": [0, 0, 0]
						},
						"0.5": {
							"vector": [-28.45682, -8.3078, -23.56123]
						},
						"0.5833": {
							"vector": [-38.45682, -8.3078, -23.56123]
						}
					},
					"position": {
						"0.0": {
							"vector": [0, 0, 0]
						},
						"0.3333": {
							"vector": [0, -3, -4]
						}
					}
				},
				"left_arm": {
					"rotation": {
						"0.0": {
							"vector": [0, 0, 0]
						},
						"0.5": {
							"vector": [-28.59614, 11.69348, 20.86781]
						},
						"0.5833": {
							"vector": [-38.59614, 11.69348, 20.86781]
						}
					},
					"position": {
						"0.0": {
							"vector": [0, 0, 0]
						},
						"0.3333": {
							"vector": [0, -3, -4]
						}
					}
				},
				"right_leg": {
					"rotation": {
						"vector": [0, 0, 0]
					},
					"position": {
						"0.0": {
							"vector": [0, 0, 0]
						},
						"0.3333": {
							"vector": [0, -2.8, 0]
						}
					}
				},
				"left_leg": {
					"position": {
						"0.0": {
							"vector": [0, 0, 0]
						},
						"0.3333": {
							"vector": [0, -2.8, 0]
						}
					}
				}
			}
		}
	}
}