{
	"format_version": "1.8.0",
	"animations": {
		"hitstone": {
			"loop": true,
			"animation_length": 3,
			"bones": {
				"head": {
					"rotation": {
						"0.0": {
							"vector": [37.5, 0, 0]
						},
						"1.0": {
							"vector": [37.5, 0, 0]
						},
						"1.3333": {
							"vector": [43.81893, -13.80192, -10.86531]
						},
						"1.5833": {
							"vector": [43.81893, -13.80192, -10.86531]
						},
						"2.4167": {
							"vector": [43.81893, -13.80192, -10.86531]
						},
						"2.5833": {
							"vector": [37.5, 0, 0]
						}
					},
					"position": {
						"vector": [0, -4.3, -4]
					}
				},
				"right_arm": {
					"rotation": {
						"0.0": {
							"vector": [-38.45682, -8.3078, -23.56123]
						},
						"0.2083": {
							"vector": [-125.30811, -1.62418, -31.032]
						},
						"0.25": {
							"vector": [-125.30811, -1.62418, -31.032]
						},
						"0.3333": {
							"vector": [-38.45682, -8.3078, -23.56123]
						},
						"0.7917": {
							"vector": [-125.30811, -1.62418, -31.032]
						},
						"0.8333": {
							"vector": [-125.30811, -1.62418, -31.032]
						},
						"0.9167": {
							"vector": [-38.45682, -8.3078, -23.56123]
						},
						"1.0": {
							"vector": [-38.45682, -8.3078, -23.56123]
						},
						"1.2083": {
							"vector": [-11.50148, 3.31592, -7.49764]
						}
					},
					"position": {
						"vector": [0, -4, -2.5]
					}
				},
				"left_arm": {
					"rotation": {
						"0.0": {
							"vector": [-38.59614, 11.69348, 20.86781]
						},
						"1.0": {
							"vector": [-38.59614, 11.69348, 20.86781]
						},
						"1.375": {
							"vector": [-71.76963, -40.89676, 52.61649]
						},
						"1.875": {
							"vector": [-71.76963, -40.89676, 52.61649]
						},
						"2.2917": {
							"vector": [-48.11853, 15.35531, -27.13007]
						},
						"2.6667": {
							"vector": [-48.11853, 15.35531, -27.13007]
						},
						"2.9167": {
							"vector": [-38.59614, 11.69348, 20.86781]
						}
					},
					"position": {
						"vector": [0, -4, -2.5]
					}
				},
				"torso": {
					"rotation": {
						"vector": [20, 0, 0]
					},
					"position": {
						"vector": [0, -4, -3.5]
					}
				},
				"right_leg": {
					"position": {
						"vector": [0, -2.8, 0]
					}
				},
				"left_leg": {
					"position": {
						"vector": [0, -2.8, 0]
					}
				}
			}
		},
		"squat": {
			"loop": "hold_on_last_frame",
			"animation_length": 0.625,
			"bones": {
				"torso": {
					"rotation": {
						"0.0": {
							"vector": [0, 0, 0]
						},
						"0.3333": {
							"vector": [20, 0, 0]
						}
					},
					"position": {
						"0.0": {
							"vector": [0, 0, 0]
						},
						"0.3333": {
							"vector": [0, -3, 0]
						}
					}
				},
				"head": {
					"rotation": {
						"0.0": {
							"vector": [0, 0, 0]
						},
						"0.625": {
							"vector": [37.5, 0, 0]
						}
					},
					"position": {
						"0.0": {
							"vector": [0, 0, 0]
						},
						"0.3333": {
							"vector": [0, -3, -4]
						}
					}
				},
				"right_arm": {
					"rotation": {
						"0.0": {
							"vector": [0, 0, 0]
						},
						"0.5": {
							"vector": [-28.45682, -8.3078, -23.56123]
						},
						"0.5833": {
							"vector": [-38.45682, -8.3078, -23.56123]
						}
					},
					"position": {
						"0.0": {
							"vector": [0, 0, 0]
						},
						"0.3333": {
							"vector": [0, -3, -4]
						}
					}
				},
				"left_arm": {
					"rotation": {
						"0.0": {
							"vector": [0, 0, 0]
						},
						"0.5": {
							"vector": [-28.59614, 11.69348, 20.86781]
						},
						"0.5833": {
							"vector": [-38.59614, 11.69348, 20.86781]
						}
					},
					"position": {
						"0.0": {
							"vector": [0, 0, 0]
						},
						"0.3333": {
							"vector": [0, -3, -4]
						}
					}
				},
				"right_leg": {
					"rotation": {
						"vector": [0, 0, 0]
					},
					"position": {
						"0.0": {
							"vector": [0, 0, 0]
						},
						"0.3333": {
							"vector": [0, -2.8, 0]
						}
					}
				},
				"left_leg": {
					"position": {
						"0.0": {
							"vector": [0, 0, 0]
						},
						"0.3333": {
							"vector": [0, -2.8, 0]
						}
					}
				}
			}
		},
		"anvil_welding": {
			"loop": true,
			"animation_length": 1.5417,
			"bones": {
				"head": {
					"rotation": {
						"vector": [15, 0, 0]
					}
				},
				"right_arm": {
					"rotation": {
						"0.0": {
							"vector": [-49.93044, -3.76019, -18.72451]
						},
						"0.75": {
							"vector": [-145.76897, 1.12822, -26.80174],
							"easing": "easeOutCubic"
						},
						"0.9167": {
							"vector": [-49.93044, -3.76019, -18.72451]
						},
						"1.4167": {
							"vector": [-145.76897, 1.12822, -26.80174],
							"easing": "easeOutCubic"
						},
						"1.5417": {
							"vector": [-49.93044, -3.76019, -18.72451]
						}
					}
				},
				"left_arm": {
					"rotation": {
						"vector": [-52.67927, 17.30141, -0.44539]
					}
				}
			}
		},
		"sit": {
			"loop": "hold_on_last_frame",
			"animation_length": 2.25,
			"bones": {
				"torso": {
					"rotation": {
						"0.0": {
							"vector": [0, 0, 0]
						},
						"0.5": {
							"vector": [10, 0, 0]
						},
						"1.4167": {
							"vector": [-7.43804, 1.50277, 0]
						}
					},
					"position": {
						"0.0": {
							"vector": [0, 0, 0]
						},
						"0.6667": {
							"vector": [0, -2, 0]
						},
						"1.4167": {
							"vector": [0, -9, 0]
						},
						"1.875": {
							"vector": [0, -10, 0]
						},
						"2.0": {
							"vector": [0, -11, 0]
						},
						"2.25": {
							"vector": [0, -12, 0]
						}
					}
				},
				"head": {
					"rotation": {
						"0.0": {
							"vector": [0, 0, 0]
						},
						"0.3333": {
							"vector": [5.77734, 2.67013, -1.75652]
						},
						"0.7917": {
							"vector": [-4.09131, 6.34155, -4.17173]
						},
						"1.2917": {
							"vector": [7.5018, -2.75252, -3.99585]
						},
						"1.875": {
							"vector": [-8.9982, -2.75252, -3.99585]
						},
						"2.25": {
							"vector": [0.79847, -1.96125, 0.94537]
						}
					},
					"position": {
						"0.0": {
							"vector": [0, 0, 0]
						},
						"0.3333": {
							"vector": [-0.2, -1, -1.3]
						},
						"0.6667": {
							"vector": [-0.4, -2, -0.6]
						},
						"1.4167": {
							"vector": [-0.4, -9, 1.4]
						},
						"1.875": {
							"vector": [-0.2, -10, 1.4]
						},
						"2.25": {
							"vector": [-0.2, -11.9, 1.4]
						}
					}
				},
				"right_arm": {
					"rotation": {
						"0.0": {
							"vector": [0, 0, 0]
						},
						"0.5": {
							"vector": [8.30782, 13.31505, 9.83792]
						},
						"1.4167": {
							"vector": [-2.45643, 10.50924, 12.51517]
						},
						"2.25": {
							"vector": [22.50178, 45.56137, 48.27958]
						}
					},
					"position": {
						"0.0": {
							"vector": [0, 0, 0]
						},
						"0.5": {
							"vector": [0, -1.71, -1.45]
						},
						"1.0833": {
							"vector": [-0.08, -6.54, 0.52]
						},
						"1.4167": {
							"vector": [-0.6, -8.9, 1.8]
						},
						"2.25": {
							"vector": [0, -13, 1.25]
						}
					}
				},
				"left_arm": {
					"rotation": {
						"0.0": {
							"vector": [0, 0, 0]
						},
						"0.5": {
							"vector": [4.98107, 0.43523, -9.98107]
						},
						"0.6667": {
							"vector": [5.09281, -12.01688, -11.082]
						},
						"2.25": {
							"vector": [17.76492, -2.26359, -26.68808]
						}
					},
					"position": {
						"0.0": {
							"vector": [0, 0, 0]
						},
						"0.5": {
							"vector": [0.2, -1.7, -2]
						},
						"0.6667": {
							"vector": [-0.05, -1.7, -0.7]
						},
						"0.8333": {
							"vector": [-0.49, -3.58, -0.1]
						},
						"1.0833": {
							"vector": [-0.7, -5.58, 1.2]
						},
						"1.4167": {
							"vector": [0.2, -9.5, 1.8]
						},
						"2.25": {
							"vector": [0.2, -12.5, 1.8]
						}
					}
				},
				"right_leg": {
					"rotation": {
						"0.0": {
							"vector": [0, 0, 0]
						},
						"0.875": {
							"vector": [27.5, 0, 0],
							"easing": "easeOutExpo"
						},
						"0.9583": {
							"vector": [58.06, 0, 0]
						},
						"1.2083": {
							"vector": [69.75, 0, 0]
						},
						"1.5": {
							"vector": [13.4, 0, 0],
							"easing": "easeOutSine"
						},
						"2.25": {
							"vector": [-85.18804, 4.77457, 1.48615],
							"easing": "easeOutSine"
						}
					},
					"position": {
						"0.0": {
							"vector": [0, 0, 0]
						},
						"0.625": {
							"vector": [0, -2, 0],
							"easing": "easeInQuint"
						},
						"0.875": {
							"vector": [0, -4, -1.99]
						},
						"0.9583": {
							"vector": [0, -6.03, -3.74]
						},
						"1.2083": {
							"vector": [0, -8.1, -5]
						},
						"1.5": {
							"vector": [0, -2.95, -5.37]
						},
						"2.25": {
							"vector": [0, -10.9, 0],
							"easing": "easeOutSine"
						}
					}
				},
				"left_leg": {
					"rotation": {
						"0.0": {
							"vector": [0, 0, 0]
						},
						"0.5": {
							"vector": [-2, 0, 0],
							"easing": "easeOutSine"
						},
						"1.2083": {
							"vector": [-65, 0, 0]
						},
						"1.4167": {
							"vector": [-74.87647, -7.24305, -1.95155]
						},
						"2.25": {
							"vector": [-84.87647, -7.24305, -1.95155]
						}
					},
					"position": {
						"0.0": {
							"vector": [0, 0, 0]
						},
						"0.5": {
							"vector": [0, 0, -2],
							"easing": "easeOutSine"
						},
						"0.75": {
							"vector": [0, -1, -3]
						},
						"1.2083": {
							"vector": [0, -8, 0]
						},
						"1.875": {
							"vector": [0, -9, 0]
						},
						"2.0": {
							"vector": [0, -10, 0]
						},
						"2.25": {
							"vector": [0, -11, 0]
						}
					}
				}
			}
		}
	}
}