{
  "__comment__": "This file was automatically created by mcresources",
  "multipart": [
    {
      "when": {
        "axis": "x"
      },
      "apply": {
        "model": "firmalife:block/pipe_inventory",
        "x": 90,
        "y": 90
      }
    },
    {
      "when": {
        "axis": "z"
      },
      "apply": {
        "model": "firmalife:block/pipe_inventory",
        "x": 90
      }
    },
	{
      "when": {
        "axis": "x"
      },
      "apply": {
        "model": "firmalife:block/pipe_support_iron",
		"y": 90
      }
    },
    {
      "when": {
        "axis": "z"
      },
      "apply": {
        "model": "firmalife:block/pipe_support_iron"
      }
    },
    {
      "when": {
        "down": false,
        "up": false
      },
      "apply": {
        "model": "firmalife:block/greenhouse/iron_wall"
      }
    },
    {
      "when": {
        "down": true,
        "up": false
      },
      "apply": {
        "model": "firmalife:block/greenhouse/iron_wall_down"
      }
    },
    {
      "when": {
        "down": false,
        "up": true
      },
      "apply": {
        "model": "firmalife:block/greenhouse/iron_wall_up"
      }
    },
    {
      "when": {
        "down": true,
        "up": true
      },
      "apply": {
        "model": "firmalife:block/greenhouse/iron_wall_both"
      }
    }
  ]
}