{
    "variants": {
        "default": "model:0"
    },
    "modelConfigs": [
        {
            "baseScale": 0.8,
            "rotationY": 0,
            "rotationX": 0,
            "rotationZ": 0,
            "offsetX": 0,
            "offsetY": 0,
            "modelPartsFields": [],
            "modelMainPartFieldAliases": [
                "net.dries007.tfc.client.model.entity.LionModel;head"
            ],
            "modelRootPath": [[]],
            "renderingFullModel": false,
            "modelPartsRotationReset": true,
            "layersAllowed": true
        }
    ]
}