{
	"credit": "Made with Blockbench",
	"parent": "block/block",
	"textures": {
		"1": "firmalife:block/devices/planter/bonsai_side",
		"2": "firmalife:block/devices/planter/bonsai_bottom",
		"3": "firmalife:block/devices/planter/bonsai_top",
		"particle": "firmalife:block/devices/planter/bonsai_bottom",
		"soil": "firmalife:block/potting_soil_dry"
	},
	"elements": [
		{
			"from": [2, 1, 2],
			"to": [14, 6, 14],
			"faces": {
				"north": {"uv": [2, 10, 14, 15], "texture": "#1"},
				"east": {"uv": [2, 10, 14, 15], "texture": "#1"},
				"south": {"uv": [2, 10, 14, 15], "texture": "#1"},
				"west": {"uv": [2, 10, 14, 15], "texture": "#1"},
				"down": {"uv": [0, 0, 12, 12], "texture": "#2"}
			}
		},
		{
			"from": [2, 0, 2],
			"to": [5, 1, 5],
			"faces": {
				"north": {"uv": [11, 15, 14, 16], "texture": "#1"},
				"east": {"uv": [11, 15, 14, 16], "texture": "#1"},
				"south": {"uv": [2, 15, 5, 16], "texture": "#1"},
				"west": {"uv": [2, 15, 5, 16], "texture": "#1"},
				"down": {"uv": [8, 12, 11, 15], "texture": "#2"}
			}
		},
		{
			"from": [11, 0, 2],
			"to": [14, 1, 5],
			"faces": {
				"north": {"uv": [2, 15, 5, 16], "texture": "#1"},
				"east": {"uv": [11, 15, 14, 16], "texture": "#1"},
				"south": {"uv": [11, 15, 14, 16], "texture": "#1"},
				"west": {"uv": [2, 15, 5, 16], "texture": "#1"},
				"down": {"uv": [12, 12, 15, 15], "texture": "#2"}
			}
		},
		{
			"from": [11, 0, 11],
			"to": [14, 1, 14],
			"faces": {
				"north": {"uv": [2, 15, 5, 16], "texture": "#1"},
				"east": {"uv": [2, 15, 5, 16], "texture": "#1"},
				"south": {"uv": [11, 15, 14, 16], "texture": "#1"},
				"west": {"uv": [11, 15, 14, 16], "texture": "#1"},
				"down": {"uv": [4, 12, 7, 15], "texture": "#2"}
			}
		},
		{
			"from": [2, 0, 11],
			"to": [5, 1, 14],
			"faces": {
				"north": {"uv": [11, 15, 14, 16], "texture": "#1"},
				"east": {"uv": [2, 15, 5, 16], "texture": "#1"},
				"south": {"uv": [2, 15, 5, 16], "texture": "#1"},
				"west": {"uv": [11, 15, 14, 16], "texture": "#1"},
				"down": {"uv": [0, 12, 3, 15], "texture": "#2"}
			}
		},
		{
			"from": [1, 6, 1],
			"to": [15, 8, 15],
			"faces": {
				"north": {"uv": [1, 8, 15, 10], "texture": "#1"},
				"east": {"uv": [1, 8, 15, 10], "texture": "#1"},
				"south": {"uv": [1, 8, 15, 10], "texture": "#1"},
				"west": {"uv": [1, 8, 15, 10], "texture": "#1"},
				"up": {"uv": [1, 1, 15, 15], "texture": "#3"},
				"down": {"uv": [1, 1, 15, 15], "texture": "#3"}
			}
		},
		{
			"from": [3, 8, 3],
			"to": [13, 7, 13],
			"faces": {
				"north": {"uv": [3, 8, 13, 9], "rotation": 180, "texture": "#1"},
				"east": {"uv": [3, 8, 13, 9], "rotation": 180, "texture": "#1"},
				"south": {"uv": [3, 8, 13, 9], "rotation": 180, "texture": "#1"},
				"west": {"uv": [3, 8, 13, 9], "rotation": 180, "texture": "#1"},
				"up": {"uv": [3, 3, 13, 13], "texture": "#soil"}
			}
		}
	]
}