{
	"credit": "Made with Blockbench",
	"textures": {
		"pipe": "firmalife:block/devices/copper_pipe/copper",
		"particle": "#pipe"
	},
	"elements": [
		{
			"from": [6, 1, 6],
			"to": [10, 6, 7],
			"faces": {
				"north": {"uv": [1, 0, 5, 5], "texture": "#pipe"},
				"east": {"uv": [4, 0, 5, 5], "texture": "#pipe"},
				"south": {"uv": [1, 6, 5, 11], "texture": "#pipe"},
				"west": {"uv": [1, 0, 2, 5], "texture": "#pipe"},
				"up": {"uv": [7, 1, 11, 2], "texture": "#pipe"},
				"down": {"uv": [7, 10, 11, 11], "texture": "#pipe"}
			}
		},
		{
			"from": [9, 1, 7],
			"to": [10, 6, 9],
			"faces": {
				"north": {"uv": [0, 0, 1, 5], "texture": "#pipe"},
				"east": {"uv": [2, 0, 4, 5], "texture": "#pipe"},
				"south": {"uv": [0, 0, 1, 5], "texture": "#pipe"},
				"west": {"uv": [2, 6, 4, 11], "texture": "#pipe"},
				"up": {"uv": [10, 2, 11, 4], "texture": "#pipe"},
				"down": {"uv": [10, 8, 11, 10], "texture": "#pipe"}
			}
		},
		{
			"from": [6, 1, 7],
			"to": [7, 6, 9],
			"faces": {
				"north": {"uv": [0, 0, 1, 5], "texture": "#pipe"},
				"east": {"uv": [2, 6, 4, 11], "texture": "#pipe"},
				"south": {"uv": [0, 0, 1, 5], "texture": "#pipe"},
				"west": {"uv": [2, 0, 4, 5], "texture": "#pipe"},
				"up": {"uv": [7, 2, 8, 4], "texture": "#pipe"},
				"down": {"uv": [7, 8, 8, 10], "texture": "#pipe"}
			}
		},
		{
			"from": [6, 1, 9],
			"to": [10, 6, 10],
			"faces": {
				"north": {"uv": [1, 6, 5, 11], "texture": "#pipe"},
				"east": {"uv": [1, 0, 2, 5], "texture": "#pipe"},
				"south": {"uv": [1, 0, 5, 5], "texture": "#pipe"},
				"west": {"uv": [4, 0, 5, 5], "texture": "#pipe"},
				"up": {"uv": [7, 4, 11, 5], "texture": "#pipe"},
				"down": {"uv": [7, 7, 11, 8], "texture": "#pipe"}
			}
		},
		{
			"from": [5, 0, 6],
			"to": [6, 2, 10],
			"faces": {
				"east": {"uv": [1, 10, 5, 12], "texture": "#pipe"},
				"west": {"uv": [1, 4, 5, 6], "texture": "#pipe"},
				"up": {"uv": [6, 1, 7, 5], "texture": "#pipe"},
				"down": {"uv": [6, 7, 7, 11], "texture": "#pipe"}
			}
		},
		{
			"from": [10, 0, 6],
			"to": [11, 2, 10],
			"faces": {
				"east": {"uv": [1, 4, 5, 6], "texture": "#pipe"},
				"west": {"uv": [1, 10, 5, 12], "texture": "#pipe"},
				"up": {"uv": [11, 1, 12, 5], "texture": "#pipe"},
				"down": {"uv": [11, 7, 12, 11], "texture": "#pipe"}
			}
		},
		{
			"from": [5, 0, 10],
			"to": [11, 2, 11],
			"faces": {
				"north": {"uv": [0, 10, 6, 12], "texture": "#pipe"},
				"east": {"uv": [0, 4, 1, 6], "texture": "#pipe"},
				"south": {"uv": [0, 4, 6, 6], "texture": "#pipe"},
				"west": {"uv": [5, 4, 6, 6], "texture": "#pipe"},
				"up": {"uv": [6, 5, 12, 6], "texture": "#pipe"},
				"down": {"uv": [6, 6, 12, 7], "texture": "#pipe"}
			}
		},
		{
			"from": [5, 0, 5],
			"to": [11, 2, 6],
			"faces": {
				"north": {"uv": [0, 4, 6, 6], "texture": "#pipe"},
				"east": {"uv": [5, 4, 6, 6], "texture": "#pipe"},
				"south": {"uv": [0, 10, 6, 12], "texture": "#pipe"},
				"west": {"uv": [0, 4, 1, 6], "texture": "#pipe"},
				"up": {"uv": [6, 0, 12, 1], "texture": "#pipe"},
				"down": {"uv": [6, 11, 12, 12], "texture": "#pipe"}
			}
		}
	],
	"groups": [
		{
			"name": "on",
			"origin": [8, 8, 8],
			"color": 0,
			"children": [0, 1, 2, 3, 4, 5, 6, 7]
		}
	]
}