{
	"credit": "Made with Blockbench",
	"textures": {
		"pipe": "firmalife:block/devices/copper_pipe/copper",
		"particle": "#pipe"
	},
	"elements": [
		{
			"from": [9, 7, 9],
			"to": [10, 9, 10],
			"faces": {
				"north": {"uv": [12, 5, 13, 7], "texture": "#pipe"},
				"east": {"uv": [12, 1, 13, 3], "texture": "#pipe"},
				"south": {"uv": [15, 1, 16, 3], "texture": "#pipe"},
				"west": {"uv": [15, 5, 16, 7], "texture": "#pipe"}
			}
		},
		{
			"from": [9, 6, 6],
			"to": [10, 7, 10],
			"faces": {
				"north": {"uv": [12, 3, 13, 4], "texture": "#pipe"},
				"east": {"uv": [12, 3, 16, 4], "texture": "#pipe"},
				"south": {"uv": [15, 3, 16, 4], "texture": "#pipe"},
				"west": {"uv": [12, 7, 16, 8], "texture": "#pipe"},
				"up": {"uv": [15, 4, 16, 8], "texture": "#pipe"},
				"down": {"uv": [15, 0, 16, 4], "texture": "#pipe"}
			}
		},
		{
			"from": [9, 7, 6],
			"to": [10, 9, 7],
			"faces": {
				"north": {"uv": [12, 1, 13, 3], "texture": "#pipe"},
				"east": {"uv": [15, 1, 16, 3], "texture": "#pipe"},
				"south": {"uv": [15, 5, 16, 7], "texture": "#pipe"},
				"west": {"uv": [12, 5, 13, 7], "texture": "#pipe"}
			}
		},
		{
			"from": [6, 7, 6],
			"to": [7, 9, 7],
			"faces": {
				"north": {"uv": [15, 1, 16, 3], "texture": "#pipe"},
				"east": {"uv": [15, 5, 16, 7], "texture": "#pipe"},
				"south": {"uv": [12, 5, 13, 7], "texture": "#pipe"},
				"west": {"uv": [12, 1, 13, 3], "texture": "#pipe"}
			}
		},
		{
			"from": [6, 7, 9],
			"to": [7, 9, 10],
			"faces": {
				"north": {"uv": [15, 5, 16, 7], "texture": "#pipe"},
				"east": {"uv": [12, 5, 13, 7], "texture": "#pipe"},
				"south": {"uv": [12, 1, 13, 3], "texture": "#pipe"},
				"west": {"uv": [15, 1, 16, 3], "texture": "#pipe"}
			}
		},
		{
			"from": [6, 6, 6],
			"to": [7, 7, 10],
			"faces": {
				"north": {"uv": [15, 3, 16, 4], "texture": "#pipe"},
				"east": {"uv": [12, 7, 16, 8], "texture": "#pipe"},
				"south": {"uv": [12, 3, 13, 4], "texture": "#pipe"},
				"west": {"uv": [12, 3, 16, 4], "texture": "#pipe"},
				"up": {"uv": [12, 4, 13, 8], "texture": "#pipe"},
				"down": {"uv": [12, 0, 13, 4], "texture": "#pipe"}
			}
		},
		{
			"from": [7, 6, 9],
			"to": [9, 7, 10],
			"faces": {
				"north": {"uv": [13, 7, 15, 8], "texture": "#pipe"},
				"south": {"uv": [13, 3, 15, 4], "texture": "#pipe"},
				"up": {"uv": [13, 7, 15, 8], "texture": "#pipe"},
				"down": {"uv": [13, 0, 15, 1], "texture": "#pipe"}
			}
		},
		{
			"from": [7, 6, 6],
			"to": [9, 7, 7],
			"faces": {
				"north": {"uv": [13, 3, 15, 4], "texture": "#pipe"},
				"south": {"uv": [13, 7, 15, 8], "texture": "#pipe"},
				"up": {"uv": [13, 4, 15, 5], "texture": "#pipe"},
				"down": {"uv": [13, 3, 15, 4], "texture": "#pipe"}
			}
		},
		{
			"from": [6, 9, 6],
			"to": [7, 10, 10],
			"faces": {
				"north": {"uv": [15, 0, 16, 1], "texture": "#pipe"},
				"east": {"uv": [12, 4, 16, 5], "texture": "#pipe"},
				"south": {"uv": [12, 0, 13, 1], "texture": "#pipe"},
				"west": {"uv": [12, 0, 16, 1], "texture": "#pipe"},
				"up": {"uv": [12, 0, 13, 4], "texture": "#pipe"},
				"down": {"uv": [12, 4, 13, 8], "texture": "#pipe"}
			}
		},
		{
			"from": [7, 9, 9],
			"to": [9, 10, 10],
			"faces": {
				"north": {"uv": [13, 4, 15, 5], "texture": "#pipe"},
				"south": {"uv": [13, 0, 15, 1], "texture": "#pipe"},
				"up": {"uv": [13, 3, 15, 4], "texture": "#pipe"},
				"down": {"uv": [13, 4, 15, 5], "texture": "#pipe"}
			}
		},
		{
			"from": [9, 9, 6],
			"to": [10, 10, 10],
			"faces": {
				"north": {"uv": [12, 0, 13, 1], "texture": "#pipe"},
				"east": {"uv": [12, 0, 16, 1], "texture": "#pipe"},
				"south": {"uv": [15, 0, 16, 1], "texture": "#pipe"},
				"west": {"uv": [12, 4, 16, 5], "texture": "#pipe"},
				"up": {"uv": [15, 0, 16, 4], "texture": "#pipe"},
				"down": {"uv": [15, 4, 16, 8], "texture": "#pipe"}
			}
		},
		{
			"from": [7, 9, 6],
			"to": [9, 10, 7],
			"faces": {
				"north": {"uv": [13, 0, 15, 1], "texture": "#pipe"},
				"south": {"uv": [13, 4, 15, 5], "texture": "#pipe"},
				"up": {"uv": [13, 0, 15, 1], "texture": "#pipe"},
				"down": {"uv": [13, 7, 15, 8], "texture": "#pipe"}
			}
		}
	],
	"groups": [
		{
			"name": "center",
			"origin": [8, 8, 8],
			"color": 0,
			"children": [0, 1, 2, 3, 4, 5, 6, 7, 8, 9, 10, 11]
		}
	]
}