{
	"credit": "Made by @vexxel with Blockbench - https://github.com/vexxel",
	"parent": "block/orientable",
	"textures": {
		"0": "firmalife:block/devices/irrigation/pumping_station_axle",
		"2": "firmalife:block/devices/irrigation/pumping_station_side",
		"4": "firmalife:block/devices/irrigation/pumping_station_extension",
		"5": "firmalife:block/devices/irrigation/pumping_station_extension_bottom",
		"6": "firmalife:block/devices/irrigation/pumping_station_ud",
		"particle": "firmalife:block/devices/irrigation/pumping_station_axle"
	},
	"elements": [
		{
			"from": [0, 0, 0],
			"to": [16, 16, 16],
			"faces": {
				"north": {"uv": [0, 0, 16, 16], "texture": "#0"},
				"east": {"uv": [0, 0, 16, 16], "texture": "#2"},
				"south": {"uv": [0, 0, 16, 16], "texture": "#2"},
				"west": {"uv": [0, 0, 16, 16], "texture": "#2"},
				"up": {"uv": [0, 0, 16, 16], "texture": "#6"},
				"down": {"uv": [0, 0, 16, 16], "texture": "#6"}
			}
		},
		{
			"from": [4, -1, 4],
			"to": [12, 0, 12],
			"faces": {
				"north": {"uv": [1, 0, 9, 1], "texture": "#4"},
				"east": {"uv": [1, 0, 9, 1], "texture": "#4"},
				"south": {"uv": [1, 0, 9, 1], "texture": "#4"},
				"west": {"uv": [1, 0, 9, 1], "texture": "#4"}
			}
		},
		{
			"from": [3, -11, 3],
			"to": [13, -1, 13],
			"faces": {
				"north": {"uv": [0, 1, 10, 11], "texture": "#4"},
				"east": {"uv": [0, 1, 10, 11], "texture": "#4"},
				"south": {"uv": [0, 1, 10, 11], "texture": "#4"},
				"west": {"uv": [0, 1, 10, 11], "texture": "#4"},
				"up": {"uv": [0, 0, 10, 10], "texture": "#5"},
				"down": {"uv": [0, 0, 10, 10], "texture": "#5"}
			}
		}
	],
	"__comment__": "This file was automatically created by mcresources"
}