{
	"credit": "Made by Vexxel#9727 with Blockbench || https://github.com/Vexxel || 2022",
	"parent": "block/block",
	"textures": {
		"particle": "tfc:block/devices/firepit/pot_outside",
		"pot_side": "tfc:block/devices/firepit/pot_outside",
		"pot_bottom": "tfc:block/devices/firepit/pot_inside"
	},
	"elements": [
		{
			"name": "PotBottom",
			"from": [4, 0, 4],
			"to": [12, 1, 12],
			"faces": {
				"north": {"uv": [4, 4, 12, 5], "texture": "#pot_side"},
				"east": {"uv": [4, 4, 12, 5], "texture": "#pot_side"},
				"south": {"uv": [4, 4, 12, 5], "texture": "#pot_side"},
				"west": {"uv": [4, 4, 12, 5], "texture": "#pot_side"},
				"up": {"uv": [4, 4, 12, 12], "texture": "#pot_bottom"},
				"down": {"uv": [4, 4, 12, 12], "texture": "#pot_bottom"}
			}
		},
		{
			"name": "PotWestRim2",
			"from": [3, 5, 4],
			"to": [4, 6, 12],
			"faces": {
				"north": {"uv": [4, 2, 5, 3], "texture": "#pot_side"},
				"east": {"uv": [4, 3, 12, 4], "texture": "#pot_side"},
				"south": {"uv": [11, 2, 12, 3], "texture": "#pot_side"},
				"west": {"uv": [4, 2, 12, 3], "texture": "#pot_side"},
				"up": {"uv": [4, 11, 12, 12], "rotation": 90, "texture": "#pot_side"},
				"down": {"uv": [4, 7, 12, 8], "rotation": 90, "texture": "#pot_side"}
			}
		},
		{
			"name": "PotWestRim",
			"from": [4, 4, 4],
			"to": [5, 5, 11],
			"faces": {
				"north": {"uv": [11, 5, 12, 6], "texture": "#pot_side"},
				"east": {"uv": [4, 3, 11, 4], "texture": "#pot_side"},
				"west": {"uv": [4, 5, 11, 6], "texture": "#pot_side"},
				"up": {"uv": [4, 6, 11, 7], "rotation": 90, "texture": "#pot_side"}
			}
		},
		{
			"name": "PotEast",
			"from": [12, 1, 4],
			"to": [13, 4, 12],
			"faces": {
				"north": {"uv": [4, 8, 5, 11], "texture": "#pot_side"},
				"east": {"uv": [4, 8, 12, 11], "texture": "#pot_side"},
				"south": {"uv": [11, 8, 12, 11], "texture": "#pot_side"},
				"west": {"uv": [4, 3, 12, 6], "texture": "#pot_bottom"},
				"up": {"uv": [4, 7, 12, 8], "rotation": 90, "texture": "#pot_side"},
				"down": {"uv": [4, 14, 12, 15], "rotation": 90, "texture": "#pot_side"}
			}
		},
		{
			"name": "PotWest",
			"from": [3, 1, 4],
			"to": [4, 4, 12],
			"faces": {
				"north": {"uv": [4, 8, 5, 11], "texture": "#pot_side"},
				"east": {"uv": [4, 3, 12, 6], "texture": "#pot_bottom"},
				"south": {"uv": [11, 8, 12, 11], "texture": "#pot_side"},
				"west": {"uv": [4, 8, 12, 11], "texture": "#pot_side"},
				"up": {"uv": [4, 7, 12, 8], "rotation": 90, "texture": "#pot_side"},
				"down": {"uv": [4, 14, 12, 15], "rotation": 90, "texture": "#pot_side"}
			}
		},
		{
			"name": "PotSouthRim2",
			"from": [4, 5, 12],
			"to": [12, 6, 13],
			"faces": {
				"north": {"uv": [4, 3, 12, 4], "texture": "#pot_side"},
				"east": {"uv": [11, 2, 12, 3], "texture": "#pot_side"},
				"south": {"uv": [4, 2, 12, 3], "texture": "#pot_side"},
				"west": {"uv": [4, 2, 5, 3], "texture": "#pot_side"},
				"up": {"uv": [4, 11, 12, 12], "texture": "#pot_side"},
				"down": {"uv": [4, 7, 12, 8], "texture": "#pot_side"}
			}
		},
		{
			"name": "PotSouthRim",
			"from": [4, 4, 11],
			"to": [11, 5, 12],
			"faces": {
				"north": {"uv": [4, 5, 12, 6], "texture": "#pot_side"},
				"south": {"uv": [4, 5, 11, 6], "texture": "#pot_side"},
				"west": {"uv": [11, 5, 12, 6], "texture": "#pot_side"},
				"up": {"uv": [4, 6, 11, 7], "texture": "#pot_side"}
			}
		},
		{
			"name": "PotSouth",
			"from": [4, 1, 12],
			"to": [12, 4, 13],
			"faces": {
				"north": {"uv": [4, 3, 12, 6], "texture": "#pot_bottom"},
				"east": {"uv": [4, 8, 5, 11], "texture": "#pot_side"},
				"south": {"uv": [4, 8, 12, 11], "texture": "#pot_side"},
				"west": {"uv": [11, 8, 12, 11], "texture": "#pot_side"},
				"up": {"uv": [4, 7, 12, 8], "texture": "#pot_side"},
				"down": {"uv": [4, 14, 12, 15], "texture": "#pot_side"}
			}
		},
		{
			"name": "PotEastRim2",
			"from": [12, 5, 4],
			"to": [13, 6, 12],
			"faces": {
				"north": {"uv": [11, 2, 12, 3], "texture": "#pot_side"},
				"east": {"uv": [4, 2, 12, 3], "texture": "#pot_side"},
				"south": {"uv": [4, 2, 5, 3], "texture": "#pot_side"},
				"west": {"uv": [4, 3, 12, 4], "texture": "#pot_side"},
				"up": {"uv": [4, 11, 12, 12], "rotation": 90, "texture": "#pot_side"},
				"down": {"uv": [4, 7, 12, 8], "rotation": 90, "texture": "#pot_side"}
			}
		},
		{
			"name": "PotEastRim",
			"from": [11, 4, 5],
			"to": [12, 5, 12],
			"faces": {
				"east": {"uv": [4, 5, 11, 6], "texture": "#pot_side"},
				"south": {"uv": [11, 5, 12, 6], "texture": "#pot_side"},
				"west": {"uv": [5, 5, 12, 6], "texture": "#pot_side"},
				"up": {"uv": [5, 5, 12, 6], "rotation": 90, "texture": "#pot_side"}
			}
		},
		{
			"name": "PotNorthRim2",
			"from": [4, 5, 3],
			"to": [12, 6, 4],
			"faces": {
				"north": {"uv": [4, 2, 12, 3], "texture": "#pot_side"},
				"east": {"uv": [11, 2, 12, 3], "texture": "#pot_side"},
				"south": {"uv": [4, 3, 12, 4], "texture": "#pot_side"},
				"west": {"uv": [4, 2, 5, 3], "texture": "#pot_side"},
				"up": {"uv": [4, 11, 12, 12], "rotation": 180, "texture": "#pot_side"},
				"down": {"uv": [4, 7, 12, 8], "texture": "#pot_side"}
			}
		},
		{
			"name": "PotNorthRim",
			"from": [5, 4, 4],
			"to": [12, 5, 5],
			"faces": {
				"north": {"uv": [4, 5, 11, 6], "texture": "#pot_side"},
				"east": {"uv": [11, 5, 12, 6], "texture": "#pot_side"},
				"south": {"uv": [5, 5, 12, 6], "texture": "#pot_side"},
				"up": {"uv": [5, 5, 12, 6], "texture": "#pot_side"}
			}
		},
		{
			"name": "PotNorth",
			"from": [4, 1, 3],
			"to": [12, 4, 4],
			"faces": {
				"north": {"uv": [4, 8, 12, 11], "texture": "#pot_side"},
				"east": {"uv": [4, 8, 5, 11], "texture": "#pot_side"},
				"south": {"uv": [4, 3, 12, 6], "texture": "#pot_bottom"},
				"west": {"uv": [11, 8, 12, 11], "texture": "#pot_side"},
				"up": {"uv": [4, 7, 12, 8], "texture": "#pot_side"},
				"down": {"uv": [4, 14, 12, 15], "texture": "#pot_side"}
			}
		}
	],
	"display": {
		"thirdperson_righthand": {
			"rotation": [75, 45, 0],
			"translation": [0, 2.5, 0],
			"scale": [0.375, 0.375, 0.375]
		},
		"thirdperson_lefthand": {
			"rotation": [75, 45, 0],
			"translation": [0, 2.5, 0],
			"scale": [0.375, 0.375, 0.375]
		},
		"firstperson_righthand": {
			"rotation": [0, 45, 0],
			"scale": [0.4, 0.4, 0.4]
		},
		"firstperson_lefthand": {
			"rotation": [0, 225, 0],
			"scale": [0.4, 0.4, 0.4]
		},
		"ground": {
			"translation": [0, 3, 0],
			"scale": [0.25, 0.25, 0.25]
		},
		"gui": {
			"rotation": [30, 225, 0],
			"scale": [0.625, 0.625, 0.625]
		},
		"head": {
			"translation": [0, 11.25, 0]
		},
		"fixed": {
			"scale": [0.5, 0.5, 0.5]
		}
	}
}