{
    "parent": "minecraft:item/generated",
    "textures": {
      "layer0": "tfc:item/food/barley_bread"
    },
    "overrides": [
      {
        "predicate": {
          "eatinganimation:eating": 1.0,
          "eatinganimation:eat": 0.35
        },
        "model": "eatinganimation:item/barley_bread_eating_0"
      },
      {
        "predicate": {
          "eatinganimation:eating": 1.0,
          "eatinganimation:eat": 0.7
        },
        "model": "eatinganimation:item/barley_bread_eating_1"
      },
      {
        "predicate": {
          "eatinganimation:eating": 1.0,
          "eatinganimation:eat": 0.9
        },
        "model": "eatinganimation:item/barley_bread_eating_2"
      }
    ]
  }