{
	"variants": {
		"": [
			{
				"model": "tfc_ie_addon:block/groundcover/aluminum_0"
			},
			{
				"model": "tfc_ie_addon:block/groundcover/aluminum_0",
				"y": 90
			},
			{
				"model": "tfc_ie_addon:block/groundcover/aluminum_0",
				"y": 180
			},
			{
				"model": "tfc_ie_addon:block/groundcover/aluminum_0",
				"y": 270
			},
			{
				"model": "tfc_ie_addon:block/groundcover/aluminum_1"
			},
			{
				"model": "tfc_ie_addon:block/groundcover/aluminum_1",
				"y": 90
			},
			{
				"model": "tfc_ie_addon:block/groundcover/aluminum_1",
				"y": 180
			},
			{
				"model": "tfc_ie_addon:block/groundcover/aluminum_1",
				"y": 270
			},
			{
				"model": "tfc_ie_addon:block/groundcover/aluminum_2"
			},
			{
				"model": "tfc_ie_addon:block/groundcover/aluminum_2",
				"y": 90
			},
			{
				"model": "tfc_ie_addon:block/groundcover/aluminum_2",
				"y": 180
			},
			{
				"model": "tfc_ie_addon:block/groundcover/aluminum_2",
				"y": 270
			}
		]
	}
}