{
  "name": "帆船",
  "category": "tfc:firmaciv",
  "icon": "firmaciv:sloop_icon_only",
  "pages": [
    {
      "type": "patchouli:text",
      "text": "已经进入钢铁时代了吗？看来是时候为自己建造一艘合适的船只了。帆船宽4块，长超过8块，比划艇有了显著的升级！它可以容纳多达13个货物箱和7名乘客，并且根据风向，可以航行得非常快。它还可以搭载多达6门大炮！"
    },
    {
      "type": "patchouli:image",
      "images": [
        "firmaciv:textures/gui/book/sloop_isometric.png"
      ]
    },
    {
      "type": "patchouli:text",
      "text": "不过，帆船的建造成本很高，需要大量的锻铁、铜、羊毛和其他材料。但材料并不是唯一的成本！您还需要学习如何航行，这可能需要一些练习！如果您打算将船靠近岸边，还可能需要建造码头和其他基础设施。"
    },
    {
      "type": "patchouli:text",
      "text": "以下是建造帆船所需的材料清单：$(br2)12 钢锭$(br)24 铜锭$(br)648 木材$(br)34 原木$(br)24 羊毛布$(br)6 拴绳$(br)72 黄麻纤维"
    },
    {
      "type": "patchouli:crafting",
      "title": "脚手架",
      "recipe": "firmaciv:crafting/watercraft_frame_flat",
      "text": "与划艇类似，您将从船匠脚手架开始。不过，对于较大的船只，您还需要一种新的平面变体。"
    },
    {
      "type": "patchouli:multiblock",
      "multiblock": {
        "pattern": [
          [
            "     ",
            "     ",
            "     ",
            "     ",
            "     ",
            "     ",
            "     "
          ],
          [
            "  12 ",
            "  34 ",
            " 1562",
            " 30a4",
            " 3aa4",
            " 3aa4",
            " 7889"
          ]
        ],
        "mapping": {
          "1": "firmaciv:watercraft_frame_angled[facing=west,shape=inner_right]",
          "2": "firmaciv:watercraft_frame_angled[facing=west,shape=inner_left]",
          "3": "firmaciv:watercraft_frame_angled[facing=north,shape=straight]",
          "4": "firmaciv:watercraft_frame_angled[facing=south,shape=straight]",
          "5": "firmaciv:watercraft_frame_angled[facing=west,shape=outer_right]",
          "6": "firmaciv:watercraft_frame_angled[facing=west,shape=outer_left]",
          "7": "firmaciv:watercraft_frame_angled[facing=east,shape=inner_left]",
          "8": "firmaciv:watercraft_frame_angled[facing=east,shape=straight]",
          "9": "firmaciv:watercraft_frame_angled[facing=east,shape=inner_right]",
          "0": "firmaciv:watercraft_frame_flat",
          "a": "firmaciv:watercraft_frame_flat"
        }
      },
      "name": "帆船脚手架",
      "text": "船匠脚手架应按以下顺序排列，以建造帆船的船体。",
      "enable_visualize": true
    },

    {
      "type": "patchouli:text",
      "text": "下一步，你需要放上合适的结实的硬木木板:$(br2)金合欢木$(br)梣木$(br)山杨木$(br)桦木$(br)黑木$(br)栗木$(br)山胡桃木$(br)枫木$(br)橡木$(br)红木$(br)悬铃木"
    },
    {
      "type": "patchouli:multiblock",
      "multiblock": {
        "pattern": [
          [
            "     ",
            "     ",
            "     ",
            "     ",
            "     ",
            "     ",
            "     "
          ],
          [
            "  12 ",
            "  34 ",
            " 1562",
            " 30a4",
            " 3aa4",
            " 3aa4",
            " 7889"
          ]
        ],
        "mapping": {
          "1": "firmaciv:wood/watercraft_frame/angled/oak[facing=west,shape=inner_right,frame_processed=3]",
          "2": "firmaciv:wood/watercraft_frame/angled/oak[facing=west,shape=inner_left,frame_processed=3]",
          "3": "firmaciv:wood/watercraft_frame/angled/oak[facing=north,shape=straight,frame_processed=3]",
          "4": "firmaciv:wood/watercraft_frame/angled/oak[facing=south,shape=straight,frame_processed=3]",
          "5": "firmaciv:wood/watercraft_frame/angled/oak[facing=west,shape=outer_right,frame_processed=3]",
          "6": "firmaciv:wood/watercraft_frame/angled/oak[facing=west,shape=outer_left,frame_processed=3]",
          "7": "firmaciv:wood/watercraft_frame/angled/oak[facing=east,shape=inner_left,frame_processed=3]",
          "8": "firmaciv:wood/watercraft_frame/angled/oak[facing=east,shape=straight,frame_processed=3]",
          "9": "firmaciv:wood/watercraft_frame/angled/oak[facing=east,shape=inner_right,frame_processed=3]",
          "0": "firmaciv:wood/watercraft_frame/flat/oak[frame_processed=3]",
          "a": "firmaciv:wood/watercraft_frame/flat/oak[frame_processed=3]"
        }
      },
      "name": "帆船脚手架",
      "text": "每个脚手架上放了四块木板。",
      "enable_visualize": true
    },
    {
      "type": "patchouli:multiblock",
      "multiblock": {
        "pattern": [
          [
            "     ",
            "     ",
            "     ",
            "     ",
            "     ",
            "     ",
            "     "
          ],
          [
            "  12 ",
            "  34 ",
            " 1562",
            " 30a4",
            " 3aa4",
            " 3aa4",
            " 7889"
          ]
        ],
        "mapping": {
          "1": "firmaciv:wood/watercraft_frame/angled/oak[facing=west,shape=inner_right,frame_processed=7]",
          "2": "firmaciv:wood/watercraft_frame/angled/oak[facing=west,shape=inner_left,frame_processed=7]",
          "3": "firmaciv:wood/watercraft_frame/angled/oak[facing=north,shape=straight,frame_processed=7]",
          "4": "firmaciv:wood/watercraft_frame/angled/oak[facing=south,shape=straight,frame_processed=7]",
          "5": "firmaciv:wood/watercraft_frame/angled/oak[facing=west,shape=outer_right,frame_processed=7]",
          "6": "firmaciv:wood/watercraft_frame/angled/oak[facing=west,shape=outer_left,frame_processed=7]",
          "7": "firmaciv:wood/watercraft_frame/angled/oak[facing=east,shape=inner_left,frame_processed=7]",
          "8": "firmaciv:wood/watercraft_frame/angled/oak[facing=east,shape=straight,frame_processed=7]",
          "9": "firmaciv:wood/watercraft_frame/angled/oak[facing=east,shape=inner_right,frame_processed=7]",
          "0": "firmaciv:wood/watercraft_frame/flat/oak[frame_processed=7]",
          "a": "firmaciv:wood/watercraft_frame/flat/oak[frame_processed=7]"
        }
      },
      "name": "帆船脚手架",
      "text": "在你的副手中拿一把锤子，在每个脚手架上打进四个铜螺栓。铜螺栓是用铜棒锻造而成的。",
      "enable_visualize": true
    },
    {
      "type": "patchouli:multiblock",
      "multiblock": {
        "pattern": [
          [
            "     ",
            "     ",
            " L  R",
            "     ",
            "     ",
            "     ",
            " L  R"
          ],
          [
            "  12 ",
            "  34 ",
            " 1562",
            " 30a4",
            " 3aa4",
            " 3aa4",
            " 7889"
          ]
        ],
        "mapping": {
          "1": "firmaciv:wood/watercraft_frame/angled/oak[facing=west,shape=inner_right,frame_processed=7]",
          "2": "firmaciv:wood/watercraft_frame/angled/oak[facing=west,shape=inner_left,frame_processed=7]",
          "3": "firmaciv:wood/watercraft_frame/angled/oak[facing=north,shape=straight,frame_processed=7]",
          "4": "firmaciv:wood/watercraft_frame/angled/oak[facing=south,shape=straight,frame_processed=7]",
          "5": "firmaciv:wood/watercraft_frame/angled/oak[facing=west,shape=outer_right,frame_processed=7]",
          "6": "firmaciv:wood/watercraft_frame/angled/oak[facing=west,shape=outer_left,frame_processed=7]",
          "7": "firmaciv:wood/watercraft_frame/angled/oak[facing=east,shape=inner_left,frame_processed=7]",
          "8": "firmaciv:wood/watercraft_frame/angled/oak[facing=east,shape=straight,frame_processed=7]",
          "9": "firmaciv:wood/watercraft_frame/angled/oak[facing=east,shape=inner_right,frame_processed=7]",
          "0": "firmaciv:wood/watercraft_frame/flat/oak[frame_processed=7]",
          "a": "firmaciv:wood/watercraft_frame/flat/oak[frame_processed=7]",
          "L": "alekiships:cleat[facing=north]",
          "R": "alekiships:cleat[facing=south]"
        }
      },
      "name": "帆船脚手架",
      "text": "最后，将系绳桩添加到船体上。这些桩子是由钢双锭锻造而成的。",
      "enable_visualize": true
    },
    {
      "type": "patchouli:text",
      "text": "然而，建造船体只是帆船建造的第一步！船体完成后，寻找蓝色锤子图标，并使用$(item)$(k:key.use)$()以添加出现在准星旁边的物品，继续构建船只。接下来的页面将包含您需要完成建造的独特物品的配方。"
    },
    {
      "type": "patchouli:crafting",
      "recipe": "firmaciv:crafting/small_triangular_sail",
      "recipe2": "firmaciv:crafting/medium_triangular_sail"
    },
    {
      "type": "patchouli:crafting",
      "recipe2": "firmaciv:crafting/rope_coil",
      "text": "您还需要添加一个锚，它是由钢双层薄板锻造而成的。"
    }
  ],
  "read_by_default": true,
  "sortnum": 4
}